c_ID,Name
17603,Claire Rose
11953,Lindsay Stone
18734,Angie Davis
13039,Sabrina Bell
10785,Marian Hawkins
11319,Verna Rice
15726,Helen Wagner
14126,Sheryl Cook
11181,Kathleen Foster
11258,Victoria Steele
11744,Shannon Russell
16351,Warren Burton
19929,Neil Day
10677,Ruby Williams
10785,Karla Bailey
14119,Megan Rodriquez
18980,Pete Hubbard
11335,Jackie Rodriguez
15946,Cathy Herrera
10821,April Hill
17229,Justin Underwood
12735,Joanne Huff
16676,Orlando Bryan
13381,Carla Dunn
16161,Iris Abbott
17951,Peggy Salazar
15493,Margarita Valdez
16723,Bethany Gomez
16227,Christian Sullivan
11009,Tomas Goodwin
16108,Christopher Lynch
10502,Christina Ingram
17706,Susie Banks
19440,Dorothy Neal
16086,Amy Schmidt
12762,Emanuel Reynolds
17545,Viola Spencer
19178,Marion Phillips
17680,Evelyn Hogan
13271,Belinda Harris
10778,Lora Bass
10160,Dominick Diaz
12930,Arlene Sanchez
13137,Sheila Tyler
19253,Ernest Roberts
12871,Alyssa Carlson
14686,Roger Carr
10030,Carroll Torres
19371,Nancy Allison
19256,Andy Hernandez
