e_ID,Name
10060,Elias Parsons
18598,Winston Day
17544,Della Haynes
18563,Brian Phillips
13285,Carla Huff
13865,Kelly Cobb
13956,Joshua Kelley
13780,Johnnie Ball
19080,Rex Patton
16268,Hope Richardson
14917,Gilberto Lucas
15589,Leslie Poole
10268,Meredith Lawson
15392,Abraham Miles
15614,Troy Lambert
15012,Jeanne Holt
19294,Julie Andrews
11630,Edmund Oliver
14370,Adrian Ruiz
18010,Marcella Black
17250,Cecil Daniel
19143,Herbert Tate
14931,Christie Craig
19205,Derrick Floyd
11675,Anne Barrett
17707,April Arnold
19975,Amelia Robinson
17825,Laurence Warren
13422,Ron Fletcher
10336,Sadie Morton
